Chunk Number,Chunk Text
1,"#
Introduction
to
Finance
for
Growth
Course
**[STARTER]:**
Welcome
to
the
Finance
for
Growth
course!"
2,"This
course
will
guide
you
through
the
basics
of
financial
statements,
including
the
income
statement,
balance
sheet,
and
cash
flow
statement."
3,"Use
the
links
at
the
end
of
each
section
to
navigate
through
the
course."
4,"**Next
Steps:**
Continue
to
the
next
section
to
learn
about
the
Core
concepts
of
the
Finance
for
Growth
course."
5,"[Start
the
Course](#core_concepts_of_the_finance_for_growth_course)
```json
{
""buttons"":
[
{
""text"":
""Next:
Core
concepts
of
the
Finance
for
Growth
course"",
""value"":
""core_concepts_of_the_finance_for_growth_course""
}
]
}
#
Core
Concepts
of
the
Finance
for
Growth
Course
**[STARTER]:**
Core
concepts:
Financial
analysis
for
strategic
decision-making."
6,"Basics
of
financial
statements
(Balance
sheet,
Income
statement,
Cash
flow),
Financial
analysis
techniques
(Ratio
analysis,
Trend
analysis),
Understanding
financial
performance
indicators."
7,"Core
concepts:
Commercials
-
Budgeting
&
Financial
Planning."
8,"Resource
allocation
and
Cost
estimation."
9,"Preparing
budget
and
Monitoring
progress."
10,"Financial
forecasting
techniques."
11,"**Next
Steps:**
Continue
to
the
next
section
to
learn
about
Reading
and
Interpreting
Financial
Statements. [Next
Section:
Reading
and
Interpreting
Financial
Statements](#reading_and_interpreting_financial_statements)
```json
{
""buttons"":
[
{
""text"":
""Next:
Reading
and
Interpreting
Financial
Statements"",
""value"":
""reading_and_interpreting_financial_statements""
}
]
}#
Reading
and
Interpreting
Financial
Statements
**[STARTER]:**
Reading
and
interpreting
financial
statements
are
critical
skills
for
understanding
the
financial
health
and
performance
of
a
business."
12,"Financial
statements
provide
a
summary
of
a
company’s
financial
transactions
over
a
specific
period,
typically
a
quarter
or
a
year."
13,"Here’s
a
breakdown
of
the
key
components
and
how
to
interpret
them:
-
**Balance
Sheet:**
Communicates
how
much
an
organization
is
worth
-
its
“book
value”
as
of
a
specific
date."
14,"Provides
insights
on
success
of
policy
or
new
initiatives,
resources
available
and
sources
of
finance,
and
investment
decisions
for
external
stakeholders."
15,"-
**Income
Statement:**
Summarizes
the
impact
of
revenue,
gain,
expense,
and
loss
transactions
for
a
given
period."
16,"Provides
the
financial
story
of
business
activities
in
a
certain
period
(i.e.,
actual
vs.
expected),
and
informs
pivot
strategies
if
the
organization
is
missing
target
plans."
17,"-
**Cash
Flow
Statement:**
States
how
much
money
a
company
has
to
distribute
to
investors,
or
reinvest,
after
all
expenses
have
been
covered."
18,"Indicates
the
organization’s
ability
to
operate
in
the
short
and
long
term
and
the
amount
of
cash
different
types
of
activities
generate."
19,"##
Understanding
the
Balance
Sheet
The
accounting
equation:
Assets
=
Liabilities
+
Equity
-
**Assets:**
Items
owned
by
your
organization
that
will
yield
future
benefits."
20,"Current
assets
are
expected
to
become
beneficial
within
the
year."
21,"Fixed
assets
are
tangible
and
generate
longer-term
income."
22,"-
**Liabilities:**
Expenses
your
organization
owes
other
parties."
23,"Current
liabilities
are
required
to
be
paid
off
within
the
year,
while
long-term
liabilities
are
not."
24,"-
**Equity:**
According
to
the
Corporate
Finance
Institute,
owners’
equity
refers
to
the
portion
of
assets
an
organization
can
claim
as
its
own."
25,"##
Analyzing
the
Income
or
Profit
and
Loss
(P&L)
Statement
###
Income
Statement
|
Item
|
Amount
|
Percentage
|
|--------------------|--------|------------|
|
Revenue
|
1000
|
100%
|
|
COGS
|
300
|
30%
|
|
Gross
Profit
|
700
|
70%
|
|
Sales
and
Marketing|
200
|
20%
|
|
R&D
|
200
|
20%
|
|
General
and
Admin
|
100
|
10%
|
|
Operating
Income
|
200
|
20%
|
|
Interest
and
Taxes
|
60
|
6%
||
Net
Income
|
140
|
14%
|
-
**Revenue
or
Sales
or
Turnover
or
Top
line:**
Income
earned
by
selling
goods
or
services."
26,"-
**Expenses:**
Amounts
spent
by
an
organization
to
produce
and
deliver
goods
and
services."
27,"-
**Depreciation:**
The
extent
to
which
assets
(e.g.,
aging
equipment)
have
lost
value
over
a
period."
28,"-
**Income
or
Earnings
or
Net
profit
or
Bottom
line:**
Total
income
after
all
expenses
are
deducted."
29,"###
Example
-
Microsoft's
Financial
Resilience
-
**Diversification
of
Revenue
Streams:**
In
2021,
Microsoft
had
$168
B
in
revenue,
with
Intelligent
Cloud
accounting
for
36%,
Productivity
and
Business
Processes
for
33%,
and
More
Personal
Computing
for
31%."
30,"This
diversification
helps
mitigate
risks
associated
with
economic
downturns."
31,"-
**Strong
Balance
Sheet
Management:**
Microsoft
had
$130
B
in
cash
and
marketable
securities
in
2021,
one
of
the
strongest
balance
sheets
in
the
industry."
32,"This
allowed
strategic
acquisitions,
increased
R&D
spending
during
downturns,
and
returns
to
shareholders
through
dividends
and
share
buybacks."
33,"-
**Focus
on
High
Growth
Areas:**
Azure
has
seen
revenue
growth
rates
frequently
exceeding
50%
QoQ."
34,"Microsoft's
investment
in
cloud
infrastructure
positioned
it
as
the
second-largest
cloud
services
provider
after
Amazon."
35,"##
Decoding
the
Cash
Flow
Statement
-
**Free
Cash
Flow:**
Indicates
how
much
money
a
company
has
to
distribute
to
investors
or
reinvest
after
all
expenses
have
been
covered."
36,"It
is
a
strong
indicator
of
profitability
and
helps
make
present-day
decisions
based
on
expected
future
payoffs."
37,"###
How
Revenue
Links
to
Free
Cash
Flow
|
Income
Statement
|
Amount
|
Percentage
|
|--------------------|--------|------------|
|
Revenue
|
1000
|
100%
|
|
COGS
|
300
|
30%
|
|
Gross
Profit
|
700
|
70%
|
|
Sales
and
Marketing|
200
|
20%
|
|
R&D
|
200
|
20%
|
|
General
and
Admin
|
100
|
10%
|
|
Operating
Income
|
200
|
20%
|
|
Interest
and
Taxes
|
60
|
6%
|
|
Net
Income
|
140
|
14%
|
|
Statement
of
Cash
Flows
|
Amount
|
Percentage
||-------------------------|--------|------------|
|
Net
Income
|
140
|
14%
|
|
Non-Cash
Items
|
60
|
6%
|
|
Change
in
Working
Capital
|
40
|
4%
|
|
Cash
from
Operations
|
240
|
24%
|
|
Capex
|
140
|
14%
|
|
Free
Cash
Flow
|
100
|
10%
|
###
Sections
of
Cash
Flow
Statement
-
**Cash
Flows
from
Operating
Activities:**
Includes
cash
from
services
delivery,
both
revenue
and
expenses."
38,"-
**Cash
Flows
from
Investing
Activities:**
Includes
purchasing
or
selling
assets
using
free
cash
(not
debt). -
**Cash
Flows
from
Financing
Activities:**
Includes
cash
flow
from
both
debt
and
equity
financing."
39,"**Next
Steps:**
Continue
to
the
next
section
to
learn
about
Assessment
for
Reading
and
Interpreting
Financial
Statements."
40,"[Next
Section:
Assessment
for
Reading
and
Interpreting
Financial
Statements](#assessment_for_reading_and_interpreting_financial_statements)
```json
{
""buttons"":
[
{
""text"":
""Next:
Assessment
for
Reading
and
Interpreting
Financial
Statements"",
""value"":
""assessment_for_reading_and_interpreting_financial_statements""
}
]
}
#
Assessment
for
Reading
and
Interpreting
Financial
Statements
**[STARTER]:**
##
Assignment
1
for
Reading
and
Interpreting
Financial
Statements
**Question:**
Which
of
the
following
is
NOT
a
component
of
the
balance
sheet?"
41,"A)
Assets
B)
Liabilities
C)
Equity
D)
Revenue
**Correct
Answer:**
D
**[STARTER]:**
##
Assignment
2
for
Reading
and
Interpreting
Financial
Statements
**Question:**
The
Income
Statement
is
used
to
show
a
company's:A)
Financial
position
at
a
point
in
time
B)
Profitability
over
a
period
of
time
C)
Cash
inflows
and
outflows
D)
Changes
in
equity
**Correct
Answer:**
B
**[STARTER]:**
##
Assignment
3
for
Reading
and
Interpreting
Financial
Statements
**Question:**
What
does
the
Cash
Flow
Statement
indicate? A)
The
company’s
revenue
and
expenses
B)
The
company’s
assets
and
liabilities
C)
The
company’s
liquidity
and
cash
availability
D)
The
company’s
equity
changes
**Correct
Answer:**
C
**[STARTER]:**
##
Assignment
4
for
Reading
and
Interpreting
Financial
Statements
**Question:**
Which
financial
statement
would
you
analyze
to
understand
how
much
money
a
company
has
to
reinvest
after
covering
all
expenses?"
42,"A)
Balance
Sheet
B)
Income
Statement
C)
Cash
Flow
Statement
D)
Statement
of
Changes
in
Equity
**Correct
Answer:**
C
**[STARTER]:**
##
Assignment
5
for
Reading
and
Interpreting
Financial
Statements
**Question:**
Depreciation
is
typically
found
on
which
financial
statement? A)
Balance
Sheet
B)
Income
Statement
C)
Cash
Flow
Statement
D)
Statement
of
Shareholders’
Equity
**Correct
Answer:**
B
**Next
Steps:**
Continue
to
the
next
section
to
learn
about
Financial
Analysis
Techniques."
43,"[Next
Section:
Financial
Analysis
Techniques](#financial_analysis_techniques)
```json
{
""buttons"":
[
{
""text"":
""Next:
Financial
Analysis
Techniques"",
""value"":
""financial_analysis_techniques""
}
]
}#
Financial
Analysis
Techniques
**[STARTER]:**
Welcome
to
the
Financial
Analysis
Techniques
session!"
44,"This
session
will
guide
you
through
Ratio
analysis,
Trend
analysis,
and
Variance
analysis."
45,"Use
the
links
at
the
end
of
each
section
to
navigate
through
the
course."
46,"Skill
Sets
to
acquire:
Ratio
analysis,
Trend
analysis,
Comparative
analysis."
47,"##
Overview
of
Ratio
Analysis
and
Trend
Analysis
-
**Ratio
Analysis:**
Using
financial
ratios
to
assess
a
company's
performance
and
financial
health,
such
as
liquidity
ratios,
profitability
ratios,
and
efficiency
ratios."
48,"-
**Trend
Analysis:**
Examining
financial
data
over
time
to
identify
patterns,
trends,
and
potential
areas
for
improvement."
49,"-
**Variance
Analysis:**
Comparing
actual
financial
results
to
budgeted
or
expected
results
to
identify
deviations
and
take
corrective
actions."
50,"###
Ratio
Analysis
####
Vertical
Analysis
|
Item
|
Amount
|
Percentage
|
|--------------------|--------|------------|
|
Revenue
|
1000
|
100%
|
|
COGS
|
300
|
30%
|
|
Gross
Profit
|
700
|
70%
|
|
Sales
and
Marketing|
200
|
20%
|
|
R&D
|
200
|
20%
|
|
General
and
Admin
|
100
|
10%
|
|
Operating
Income
|
200
|
20%
|
|
Interest
and
Taxes
|
60
|
6%
|
|
Net
Income
|
140
|
14%
|
####
Horizontal
Analysis
Changes
over
multiple
reporting
periods,
mostly
absolute,
can
be
percentages."
51,"Consider
growth
over
the
last
year
or
quarter,
inflation
for
various
cost
items,
and
how
revenue
increases
can
impact
profitability."
52,"###
Variance
Analysis
####
Tools
and
Techniques
-
**Flexible
Budgeting:**
Adjusting
budgets
based
on
actual
activity
levels."
53,"-
**Trend
Analysis:**
Analyzing
trends
over
time
to
identify
patterns.-
**Variance
Reports:**
Regularly
scheduled
reports
highlighting
variances."
54,"-
**Key
Performance
Indicators
(KPIs):**
Metrics
that
indicate
performance
against
targets."
55,"####
Common
Causes
of
Variances
-
**Price
Changes:**
Fluctuations
in
the
price
of
raw
materials
or
finished
goods."
56,"-
**Volume
Changes:**
Differences
in
the
volume
of
sales
or
production."
57,"-
**Efficiency
Changes:**
Variations
in
the
efficiency
of
operations."
58,"-
**Economic
Conditions:**
Changes
in
the
economic
environment
affecting
costs
and
revenues."
59,"####
Practices
in
Variances
Analysis
-
**Data
Segmentation:**
Segment
data
by
departments,
products,
regions,
etc.,
for
more
granular
analysis."
60,"-
**Root
Cause
Analysis:**
Use
techniques
like
the
5
Whys
or
Fishbone
Diagram
to
determine
the
underlying
causes
of
variances."
61,"-
**Rolling
Forecasts:**
Use
rolling
forecasts
to
adjust
budgets
periodically
based
on
the
latest
actuals
and
trends."
62,"-
**Visualizations:**
Use
graphs
and
charts
to
visually
represent
variances
and
trends."
63,"###
Assessment
**[STARTER]:**
Assignment
1
**Question:**
What
does
the
liquidity
ratio
measure?"
64,"A)
A
company's
profitability
B)
A
company's
ability
to
meet
short-term
obligations
C)
A
company's
efficiency
in
using
its
assets
D)
A
company's
long-term
debt
levels
**Correct
Answer:**
B
**[STARTER]:**
Assignment
2
**Question:**
Trend
Analysis
is
used
to:
A)
Compare
a
company’s
performance
with
industry
benchmarks
B)
Identify
patterns
over
time
C)
Assess
financial
health
using
ratios
D)
Monitor
daily
transactions
**Correct
Answer:**
B
**[STARTER]:**
Assignment
3**Question:**
Which
of
the
following
is
a
profitability
ratio?"
65,"A)
Current
Ratio
B)
Gross
Profit
Margin
C)
Debt
to
Equity
Ratio
D)
Asset
Turnover
Ratio
**Correct
Answer:**
B
**[STARTER]:**
Assignment
4
**Question:**
Ratio
Analysis
helps
in:
A)
Tracking
cash
inflows
and
outflows
B)
Understanding
long-term
investment
strategies
C)
Assessing
financial
performance
and
health
D)
Recording
daily
financial
transactions
**Correct
Answer:**
C
**[STARTER]:**
Assignment
5
**Question:**
A
higher
Debt
to
Equity
Ratio
indicates:
A)
Better
liquidity
B)
Higher
profitability
C)
Greater
financial
leverage
D)
Lower
financial
risk
**Correct
Answer:**
C
###
Learning
Objective
1.3:
Understanding
Financial
Performance
Indicators
**[STARTER]:**
Welcome
to
the
session
on
Understanding
Financial
Performance
Indicators."
66,"This
session
will
cover
key
performance
indicators
(KPIs),
interpretation,
monitoring
financial
health,
and
risk
identification. Skill
Sets
to
acquire:
KPIs
Interpretation,
Monitoring
Financial
Health,
Risk
Identification."
67,"**Next
Steps:**
Continue
to
the
next
section
to
learn
about
understanding
financial
performance
indicators."
68,"[Next
Section:Understanding
Financial
Performance
Indicators
](#Understanding_Financial_Performance_Indicators)
```json
{
""buttons"":
[{
""text"":
""Next:Understanding
Financial
Performance
Indicators"",
""value"":
""Understanding_Financial_Performance_Indicators""
}
]
}
#
Understanding
Financial
Performance
Indicators
**[STARTER]:**
Welcome
to
the
Understanding
Financial
Performance
Indicators!"
69,"This
session
will
guide
you
through
KPIs
Interpretation,
Monitoring
Financial
Health,
Risk
Identification."
70,"Use
the
links
at
the
end
of
each
section
to
navigate
through
the
course."
71,"Skill
Sets
to
acquire:
KPIs
Interpretation,
Monitoring
Financial
Health,
Risk
Identification
##
Interpreting
Financial
Key
Performance
Indicators
(KPIs)
###
Profitability
Ratios
-**Gross
profit
margin:**
The
cost
of
sales
refers
to
the
direct
cost
of
production
and
does
not
include
operating
expenses,
interest,
taxes,
or
any
overhead."
72,"**Formula:**
(Revenue
-
Cost
of
Sales)
/
Revenue
*
100
-**Net
profit
margin:**
Includes
all
costs
for
the
business,
including
costs
of
sales,
operating
expenses,
interest,
and
taxes. **Formula:**
Net
Profit
/
Revenue
*
100
-**Return
on
Investment
(ROI):**
Denotes
how
much
profit
has
been
generated
from
an
investment. **Formula:**
(Net
Profit
/
Cost
of
Investment)
*
100
-**Return
on
Equity
(ROE):**
Ability
to
generate
profit
from
shareholders'
equity."
73,"**Formula:**
Net
Profit
/
((Beginning
Equity
+
Ending
Equity)
/
2)
-**Working
Capital:**
Measures
operating
liquidity
which
can
be
used
to
fund
day-to-day
operations."
74,"**Formula:**
Current
Assets
-
Current
Liabilities
-**Debt
to
Equity
Ratio:**
Measures
the
solvency
of
a
business
by
evaluating
the
ability
of
shareholder
equity
to
cover
all
debt
in
the
event
of
a
business
downturn."
75,"**Formula:**
Total
Debt
/
Total
Equity
###
IT
Industry
Financial
KPIs
**[STARTER]:**
Compare
ROI,
ROE,
liquidity
ratios,
and
profitability
ratios
in
the
IT
industry."
76,"**Source:**
Infosys
Competition,
Infosys
Comparison
with
Competitors
([moneycontrol.com](https://moneycontrol.com))**Example:
Apple's
Strategic
Financial
Management**
-
**Robust
Cash
Reserves:**
In
2021,
Apple
had
$191
billion
in
cash
plus
marketable
securities."
77,"Apple
maintains
a
large
cash
reserve
to
provide
financial
stability,
support
R&D,
and
enable
strategic
acquisitions
without
the
need
to
secure
external
financing."
78,"Google
and
Meta’s
businesses
are
concentrated
on
advertising,
have
high
cash
reserves,
and
invest
heavily
in
R&D."
79,"-
**Diversification:**
Beyond
its
flagship
iPhone,
Apple
has
developed
revenue
streams
across
services
(Apple
Music,
iCloud,
App
Store)
and
other
products
(iPad,
Mac,
Wearables)."
80,"This
diversification
helps
stabilize
earnings
against
fluctuating
sales
cycles
of
individual
products."
81,"-
**Shareholder
Returns:**
In
2021,
Apple
returned
$90
billion
to
shareholders
through
dividends
and
share
buybacks,
which
also
supports
the
share
price
during
market
volatility,
reflecting
a
strong
shareholder
value
orientation."
82,"Apple’s
brand
strength
allows
it
to
charge
premium
prices,
maintaining
higher
profit
margins
compared
to
competitors."
83,"-
**Capital
Expenditure:**
In
2021,
Apple
spent
$22
billion
on
product
development
and
supply
chain
enhancement."
84,"Continuous
investment
in
technology
and
manufacturing
capabilities
helps
maintain
and
enhance
its
competitive
edge
in
product
innovation
and
operational
efficiency."
85,"Apple’s
control
over
its
entire
supply
chain,
from
hardware
design
to
software,
enhances
its
profit
margins
and
reduces
dependency
on
external
vendors,
setting
it
apart
from
competitors
who
rely
more
on
third-party
suppliers."
86,"**Next
Steps:**
Continue
to
explore
how
other
IT
companies
manage
their
financial
strategies
and
compare
their
KPIs."
87,"[Next
Section:
Comparative
Financial
Strategies
in
IT](#comparative_financial_strategies_in_it)
```json
{
""buttons"":
[
{
""text"":
""Next:Assessment
for
Understanding
Financial
Performance
Indicators,
""Value"":
”Assessment
for
Understanding
Financial
Performance
Indicators""
}
]
}
```
####
Assessment
**[STARTER]:**
Assignment
1
**Question:**
Gross
Profit
Margin
is
calculated
as:A)
(Revenue
-
Cost
of
Sales)
/
Revenue
*
100
B)
Net
Profit
/
Revenue
*
100
C)
Net
Profit
/
Total
Assets
D)
Total
Debt
/
Total
Equity
**Correct
Answer:**
A
**[STARTER]:**
Assignment
2
**Question:**
Net
Profit
Margin
includes:
A)
Only
direct
costs
of
production
B)
All
costs
including
operating
expenses,
interest,
and
taxes
C)
Only
variable
costs
D)
Only
fixed
costs
**Correct
Answer:**
B
**[STARTER]:**
Assignment
3
**Question:**
Return
on
Investment
(ROI)
measures:
A)
The
total
revenue
generated
by
the
company
B)
The
profit
generated
from
investments
C)
The
company’s
asset
turnover
D)
The
company’s
debt
levels
**Correct
Answer:**
B
**[STARTER]:**
Assignment
4
**Question:**
Working
Capital
is
defined
as:
A)
Total
Assets
-
Total
Liabilities
B)
Current
Assets
-
Current
Liabilities
C)
Net
Profit
-
Taxes
D)
Revenue
-
Cost
of
Sales
**Correct
Answer:**
B
**[STARTER]:**
Assignment
5
**Question:**
A
low
Debt
to
Equity
Ratio
indicates:
A)
High
leverage
B)
High
risk
C)
Strong
solvency
D)
Poor
liquidity**Correct
Answer:**
C
#
Recommended
Books
**[STARTER]:**
1st
Book
**Title:**
[Financial
Intelligence
for
IT
Professionals:
What
You
Really
Need
to
Know
About
the
Numbers](https://www.amazon.in/Financial-Intelligence-Professionals-Numbers-Harvard/dp/142
2119149/ref=sr_1_1?crid=27WIUD4B8OJRF&dib=eyJ2IjoiMSJ9.2H4SAdIeMCmc4kpaqhZMxA."
88,"5Yn8NNMqZKqOUThLDopGBlrqEkLduwe9EkXIzQB5p9s&dib_tag=se&keywords=%22Financia
l+Intelligence+for+IT+Professionals%3A+What+You+Really+Need+to+Know+About+the+Numb
ers%22+by+Karen+Berman+and+Joe+Knight&nsdOptOutParam=true&qid=1719570851&s=boo
ks&sprefix=financial+intelligence+for+it+professionals+what+you+really+need+to+know+about+
the+numbers+by+karen+berman+and+joe+knight%2Cstripbooks%2C198&sr=1-1)
**Author:**
Karen
Berman
and
Joe
Knight
**Description:**
This
book
provides
essential
financial
insights
specifically
tailored
for
IT
professionals."
89,"It
covers
the
fundamental
concepts
of
financial
intelligence,
helping
you
understand
and
utilize
financial
statements
effectively
in
the
IT
sector."
90,"**[Review
This
Book](#review_financial_intelligence_for_it_professionals)**
**[STARTER]:**
2nd
Book
**Title:**
[Financial
Statements:
A
Step-by-Step
Guide
to
Understanding
and
Creating
Financial
Reports](https://www.amazon.in/Financial-Statements-Step-Step-Understanding/dp/163265175
0/ref=sr_1_1?crid=1RSZ3Q8ZGWAFP&dib=eyJ2IjoiMSJ9.pmIJ8qJnxpHnmLdD7WBAmdU65kf
oH-7cEWqvBOlrrB4.ZUEAU1nAs-wT2jxbrJRoULRpPnYqqggSzcYMKcMfo88&dib_tag=se&key
words=%22Financial+Statements%3A+A+Step-by-Step+Guide+to+Understanding+and+Creatin
g+Financial+Reports%22+by+Thomas+R.+Ittelson&nsdOptOutParam=true&qid=1719570889&s
=books&sprefix=financial+statements+a+step-by-step+guide+to+understanding+and+creating+f
inancial+reports+by+thomas+r.+ittelson%2Cstripbooks%2C196&sr=1-1)
**Author:**
Thomas
R.
Ittelson
**Description:**
A
comprehensive
guide
to
financial
statements,
this
book
walks
you
through
the
process
of
understanding
and
creating
financial
reports."
91,"It's
ideal
for
those
seeking
a
step-by-step
approach
to
mastering
financial
statements
and
reporting."
92,"**[Review
This
Book](#review_financial_statements_guide)**#
Session
2:
Commercials
-
Budgeting
&
Financial
Planning
**[STARTER]:**
This
session
focuses
on
the
essentials
of
budgeting
and
financial
planning,
crucial
for
effective
resource
management
and
financial
stability
in
any
project."
93,"It
covers
topics
such
as
resource
allocation,
cost
estimation,
and
financial
forecasting
techniques."
94,"##
Key
Concepts
-
**Resource
Allocation:**
Learn
how
to
allocate
resources
efficiently
to
different
areas
of
a
project,
ensuring
optimal
use
of
available
assets
and
budget."
95,"-
**Cost
Estimation:**
Understand
the
methods
for
estimating
costs
associated
with
project
activities,
including
direct
and
indirect
costs."
96,"Accurate
cost
estimation
is
vital
for
effective
budgeting
and
financial
control."
97,"-
**Preparing
a
Budget:**
Develop
skills
in
creating
comprehensive
budgets
that
reflect
the
project’s
financial
needs."
98,"This
includes
setting
up
budgetary
controls
and
monitoring
progress
against
the
budget."
99,"-
**Financial
Forecasting:**
Explore
techniques
for
predicting
future
financial
performance
based
on
historical
data
and
trend
analysis."
100,"Financial
forecasting
helps
in
planning
for
future
financial
requirements
and
mitigating
potential
risks."
101,"**Next
Steps:**
Continue
to
the
next
section
to
learn
about
Budgeting
and
Financial
Planning
[Next
Section:
Budgeting
and
Financial
Planning](#
Budgeting_and_Financial_Planning)
```json
{
""buttons"":
[
{
""text"":
""Next:
Budgeting
and
Financial
Planning"",
""value"":
""Budgeting_and_Financial_Planning""
}
]
}
#
Introduction
to
Budgeting
and
Financial
Planning
**[STARTER]:**
Budgeting
is
a
strategic
process
that
helps
an
organization
achieve
its
specific
goals
by
preparing
and
overseeing
a
financial
plan."
102,"This
plan
estimates
income
and
expenses
over
a
defined
period
and
ensures
that
each
team
member
contributes
effectively
towards
achieving
organizational
objectives.##
Key
Concepts
-
**Budget
Purpose:**
A
budget
is
typically
created
for
one
year,
with
anything
beyond
three
years
taken
with
caution."
103,"It
serves
multiple
purposes:
-
**Communicating
Expectations:**
Clearly
outlines
goals
and
expectations
to
stakeholders."
104,"-
**Mobilizing
Teams:**
Aligns
teams
and
departments
with
organizational
objectives."
105,"-
**Assessing
Performance:**
Evaluates
group
and
individual
performance."
106,"-
**Vendor
Relations:**
Shares
budgetary
information
with
vendors
to
determine
credit
and
supply
terms."
107,"-
**Financial
Insight:**
Provides
a
snapshot
of
the
organization’s
financial
health."
108,"-
**Resource
Allocation:**
Strategically
allocates
resources
to
achieve
goals."
109,"**Next
Steps:**
Continue
to
the
next
section
to
explore
Resource
Allocation
and
Cost
Estimation
in
detail."
110,"[Next
Section:
Resource
Allocation
and
Cost
Estimation](#resource_allocation_and_cost_estimation)
```json
{
""buttons"":
[
{
""text"":
""Next:
Resource
Allocation
and
Cost
Estimation"",
""value"":
""resource_allocation_and_cost_estimation""
}
]
}
##
Resource
Allocation
and
Cost
Estimation
-
**Planning:**
1."
111,"**Cost
Estimation:**
Accurately
estimate
costs
associated
with
hardware,
software,
personnel,
and
overhead."
112,"This
helps
in
setting
realistic
financial
expectations."
113,2.
114,"**Budgeting:**
Allocate
funds
to
different
tasks
and
activities
within
the
overall
budget."
115,"Effective
budgeting
ensures
that
resources
are
used
efficiently."
116,3.
117,"**Procurement
and
Purchasing:**
Understand
the
procurement
process,
identify
requirements,
select
vendors,
and
manage
contracts
for
acquiring
hardware,
software,
and
other
resources."
118,"-
**Execution:**
1."
119,"**Vendor
Management:**
Negotiate
contracts,
manage
relationships
with
vendors
and
service
providers,
and
ensure
that
deliverables
meet
quality
standards
within
budget
constraints.2."
120,"**Billing
and
Invoicing:**
Track
project
expenses,
generate
invoices,
and
ensure
timely
payments
to
maintain
financial
control
and
transparency."
121,"-
**Monitoring:**
1."
122,"**Resource
Management:**
Regularly
review
and
allocate
personnel,
equipment,
and
other
resources
to
maximize
productivity
and
minimize
waste."
123,2.
124,"**Risk
Management:**
Conduct
risk
assessments,
develop
risk
mitigation
strategies,
and
monitor
risks
throughout
the
duration
of
the
program
to
address
potential
issues
proactively."
125,"**Next
Steps:**
Continue
to
the
next
section
to
learn
about
Assessment
for
Budgeting
and
Financial
Planning."
126,"[Next
Section:
Assessment
for
Budgeting
and
Financial
Planning](#assessment_for_budgeting_and_financial_planning)
```json
{
""buttons"":
[
{
""text"":
""Next:
Assessment
for
Budgeting
and
Financial
Planning"",
""value"":
""assessment_for_budgeting_and_financial_planning""
}
]
}
**
[STARTER]
**:
##
Assignment
1
for
Budgeting
and
Financial
Planning
**
Question
**:
Which
cost
estimation
technique
uses
historical
data
from
similar
projects?"
127,"A)
Bottom-Up
Estimating
B)
Parametric
Estimating
C)
Analogous
Estimating
D)
Three-Point
Estimating
**Correct
Answer
**:
C
**
[STARTER]
**:
##
Assignment
2
for
Budgeting
and
Financial
Planning
**
Question
**:
What
is
the
primary
purpose
of
a
'contingency
reserve'
in
cost
estimation?"
128,"A)
To
cover
unknown
risks
B)
To
increase
project
profits
C)
To
reduce
overall
project
costs
D)
To
manage
project
scope
changes
**Correct
Answer
**:
A**
[STARTER]
**:
##
Assignment
3
for
Budgeting
and
Financial
Planning
**
Question
**:
Which
technique
involves
detailed
estimation
of
each
component
and
aggregating
them?"
129,"A)
Top-Down
Estimating
B)
Bottom-Up
Estimating
C)
Analogous
Estimating
D)
Parametric
Estimating
**Correct
Answer**
:
B
[STARTER]
:
##
Assignment
4
for
Budgeting
and
Financial
Planning
**Question**:
Which
of
the
following
is
the
primary
goal
of
resource
allocation
in
project
management? A)
Maximizing
profits
B)
Minimizing
resource
usage
C)
Ensuring
resources
are
used
efficiently
to
meet
project
objectives
D)
Reducing
project
duration
**Correct
Answer**
:
C
**[STARTER]**:
##
Assignment
5
for
Budgeting
and
Financial
Planning
**Question**:
What
does
'resource
leveling'
aim
to
achieve
in
project
management? A)
Minimizing
resource
usage
B)
Balancing
resource
demand
with
available
supply
C)
Increasing
project
scope
D)
Reducing
project
costs
**Correct
Answer**
:
B
**Next
Steps:**
Continue
to
the
next
section
to
learn
about
Preparing
budget
and
Monitoring
progress
[Next
Section:Preparing
budget
and
Monitoring
progress](#Preparing_budget_and_Monitoring_progress)
```json
{
""buttons"":
[
{
""text"":
""Next:Preparing
budget
and
Monitoring
progress"",
""value"":
""Preparing_budget_and_Monitoring_progress""
}
]
}#
Types
of
Budgets
**[STARTER]:**
This
section
will
cover
different
types
of
budgets,
focusing
on
their
purpose
and
application
in
financial
planning
and
analysis."
130,"##
Operating
Budget
-
Focus
on
day-to-day
operations
&
cover
revenue
and
expenses
related
to
ongoing
activities
e.g.,
sales
budget,
production
budget,
marketing
budget
etc."
131,"##
Capital
Budget
-
Deal
with
feasibility
and
long-term
investments
in
assets
such
as
machinery,
equipment,
or
infrastructure
e.g."
132,"investment
in
new
technology."
133,"##
Cash
Flow
Budget
-
Predict
cash
inflows
and
outflows
over
a
specific
period
to
manage
liquidity,
ensuring
sufficient
cash
to
meet
its
obligations
e.g."
134,"30
days
to
finish
work
+
60
days
payout
terms
=
90
days
typical
cash
cycle."
135,"###
Example
-
Google's
Cost
Management
Strategies
Google
Search,
YouTube,
and
Google
Display
Network
allow
Google
leadership
($209B
revenue
in
2021
vs
$115B
by
Meta)
in
the
digital
advertising
market."
136,"-
**Ecosystem
Synergy:**
Google
integrates
its
advertising
services
across
its
product
ecosystem,
including
Android,
Chrome,
and
Google
Maps."
137,"This
drives
higher
engagement
and,
subsequently,
more
ad
revenue."
138,"This
integration
reduces
the
marginal
cost
of
ad
sales
by
leveraging
existing
infrastructure
&
users."
139,"Google's
cost
per
impression
(CPI)
and
cost
per
click
(CPC)
tend
to
be
lower
due
to
its
larger
scale
and
more
efficient
ad
placement
algorithms."
140,"Google
has
managed
to
decrease
the
average
CPC
by
approximately
4%
YoY."
141,"""Google's
ability
to
drive
down
cost-per-click,
while
simultaneously
increasing
click-through
rates,
demonstrates
their
unmatched
efficiency
in
ad
load
and
targeting
capabilities."""
142,"says
Mark
Mahaney
(Top
Analyst
at
Evercore
ISI),
often
highlighting
investment
in
AI
and
machine
learning."
143,"-
**Investment
in
ML
Technology
and
Automation:**
For
optimized
ad
placement
and
pricing,
reducing
the
need
for
manual
intervention
lowers
operational
costs
and
increases
the
effectiveness
of
ads."
144,"Google's
use
of
real-time
bidding
(RTB)
in
its
advertising
platforms
allows
for
dynamic
pricing,
which
maximizes
ad
revenue
while
keeping
administrative
costs
low."
145,"Google's
R&D
budget,
which
often
exceeds
$30
billion
annually,
is
partially
directed
towards
developing
better
ad
targeting
&
delivery
algorithms."
146,"-
**Data
Utilization:**
Google
offers
data-driven,
highly
targeted
advertising
solutions,
which
are
more
efficient
as
they
minimize
wastage
of
ad
inventory."
147,"Higher
ad
quality
and
relevance
lead
to
better
user
engagement,
translating
to
higher
ROI
for
advertisers
and
allowing
Google
to
chargepremium
pricing."
148,"High
intent
translates
into
high
ARPU,
i.e.,
Google
USA
ARPU
is
2x
of
Meta
USA,
depending
on
the
quarter
&
market
conditions."
149,"In
2021,
Google's
spending
on
tangible
assets,
including
data
centers
and
cloud
infrastructure,
totaled
over
$25
billion."
150,"###
Example
-
Reliance's
Capital
Expenditure
Decisions
Each
company
allocates
investable
funds
to
different
long-term
assets."
151,"These
affect
the
long-term
growth
and
profitability
of
the
company."
152,"Capital
Expenditure
(CapEx)
decisions
at
Reliance
Industries
Limited
(RIL)
are
strongly
aligned
with
the
company's
long-term
strategic
goals,
such
as
diversification,
entering
new
markets,
enhancing
competitive
edge,
or
upgrading
technology
and
infrastructure."
153,"-
**Building
Jio
(2010-2016):**
Invested
$30
billion
in
Jio
to
set
up
a
nationwide
4G
broadband
network,
which
gave
it
a
dominant
share
in
the
Indian
telecommunications
market,
influencing
broadband
pricing
&
internet
adoption
rates
across
India."
154,"-
**Jio
Fundraise
&
Reliance
Retail
(2020):**
Raised
$22
billion
by
selling
33%
stakes
in
Jio
&
Reliance
Retail
to
global
investors
like
Meta,
Google,
etc."
155,"This
capital
was
partly
used
to
further
enhance
their
digital
&
physical
retail
capabilities."
156,"-
**Renewables
Play
(2021):**
Invested
$10
billion
over
3
years
to
build
four
'Giga
Factories'
to
manufacture
and
integrate
all
critical
components
of
the
renewable
energy
ecosystem
-
solar
cells,
battery
storage,
hydrogen,
and
fuel
cell
technology."
157,"These
decisions
and
their
financial
payoffs
can
be
found
in
detail
in
RIL’s
financial
statements."
158,"The
final
authority
to
make
any
capital
expenditure
decision
rests
with
the
Board
of
Directors."
159,"###
Example
-
Wipro's
Approach
to
Working
Capital
Management
####
Key
Considerations
-
**Client
Payment
Terms:**
Structure
payment
terms
that
are
mutually
beneficial."
160,"This
may
include
milestone-based
payments
for
large
projects,
which
help
in
regular
cash
inflows."
161,"It
is
measured
by
DSO
(Days
Sales
Outstanding)."
162,"-
**Project
Delivery
Timelines:**
Uses
advanced
project
management
tools
&
methods
to
monitor
project
progress
&
performance,
ensuring
that
deliverables
are
met
promptly,
which
aids
in
quicker
invoicing."
163,"-
**Cost
Management:**
Strict
cost
control
measures
&
regular
audits
ensure
that
project
costs
are
kept
within
budget,
which
helps
control
operating
costs,
maintain
good
margins,
and
sustain
a
positive
working
capital
cycle."
164,"####
Unique
Practices-
**Technology-Driven
Efficiency:**
Automation
and
AI
in
invoice
processing
&
receivables
management
minimize
delays
and
errors,
speed
up
the
collection
process,
and
reduce
the
days
sales
outstanding
(DSO)."
165,"-
**Dynamic
Cash
Flow
Forecasting
Models:**
Using
historical
data
&
predictive
analytics
to
forecast
future
cash
flow
scenarios
under
different
conditions."
166,"This
helps
in
making
informed
decisions
about
investments,
expenses,
&
cash
management."
167,"-
**Vendor
Financing
and
Relationships:**
To
extend
payment
terms
aligned
with
its
cash
inflows,
manage
payables
more
effectively
without
straining
vendor
relationships."
168,"This
ability
enables
Wipro
to
seize
new
business
opportunities
without
relying
heavily
on
external
financing
or
getting
favorable
credit
terms
with
lenders
if
needed."
169,"#
Monitoring
Progress
-
Identify
Risk
Early,
Take
Corrective
Action
##
Project
Monitoring
for
Deliverables,
Deadlines,
and
Financials
-Tracking
a
project’s
scope,
timelines,
budget,
progress,
and
critical
success
metrics."
170,"##
Progress
Monitoring
-
**Resource
Management:**
Review
&
allocate
personnel,
equipment,
etc.,
to
maximize
productivity
and
minimize
waste."
171,"-
**Risk
Management:**
Conduct
risk
assessments,
develop
risk
mitigation
strategies,
and
monitor
risks
throughout
the
duration
of
the
program."
172,"##
When
Things
Go
Wrong
-
**Take
Proactive
Action:**
Implement
immediate
corrective
measures
to
address
issues
as
they
arise."
173,"-
**Retrospective
Actions:**
Analyze
the
situation
after
the
fact
to
understand
what
went
wrong
and
apply
lessons
learned
to
future
projects."
174,"#
Earned
Value
Method
&
Tracking
Performance
##
Implementation
-
EVM
requires
a
solid
project
plan,
including
a
Scope
Statement
and
a
Work
Breakdown
Structure
(WBS)."
175,"-
The
WBS
breaks
down
project
activities
into
manageable
elements
for
tracking.-
EVM
can
be
applied
at
different
levels
(e.g.,
work
packages
or
control
accounts)
and
for
the
entire
project."
176,"**Next
Steps:**
Continue
to
the
next
section
to
learn
about
Assessment
for
Preparing
Budget
and
Monitoring
Progress
[Next
Section:
Assessment
for
Preparing
Budget
and
Monitoring
Progress](#
assessment_for_Preparing_Budget_and_Monitoring_Progress)
```json
{
""buttons"":
[
{
""text"":
""Next:
Assessment
for
Preparing
Budget
and
Monitoring
Progress"",
""value"":
""assessment_for_Preparing_Budget_and_Monitoring_Progress""
}
]
}
#
Assessment
for
Preparing
Budget
and
Monitoring
Progress
##
Assignment
1
A
'baseline
budget'
is
used
for:
-
A)
Estimating
future
costs
-
B)
Comparing
actual
expenditures
against
planned
expenditures
-
C)
Allocating
resources
-
D)
Risk
management
**Correct
Answer:**
B
##
Assignment
2
What
is
the
purpose
of
a
'cost
baseline'
in
budgeting?"
177,"-
A)
To
estimate
the
project's
income
-
B)
To
provide
a
reference
point
for
measuring
project
performance
-
C)
To
allocate
human
resources
-
D)
To
manage
project
risks
**Correct
Answer:**
B
##
Assignment
3
Which
of
the
following
is
a
key
performance
indicator
(KPI)
used
in
monitoring
project
progress?"
178,"-
A)
Return
on
Investment
(ROI)
-
B)
Net
Present
Value
(NPV)
-
C)
Earned
Value
(EV)
-
D)
Internal
Rate
of
Return
(IRR)**Correct
Answer:**
C
##
Assignment
4
A
'Gantt
Chart'
is
primarily
used
for:
-
A)
Estimating
project
costs
-
B)
Monitoring
project
timelines
and
progress
-
C)
Managing
project
risks
-
D)
Allocating
project
resources
**Correct
Answer:**
B
##
Assignment
5
Which
report
compares
actual
project
performance
with
planned
performance?"
179,"-
A)
Status
Report
-
B)
Variance
Report
-
C)
Feasibility
Report
-
D)
Risk
Report
**Correct
Answer:**
B
**Next
Steps:**
Continue
to
the
next
section
to
learn
about
Financial
forecasting
techniques
[Next
Section:Financial
forecasting
techniques](#Financial_forecasting_techniques)
```json
{
""buttons"":
[
{
""text"":
""Next:Financial
forecasting
techniques"",
""value"":
""Financial_forecasting_techniques""
}
]
}
#
Financial
Forecasting
Techniques
##
Top-Down
Forecasting
Used
as
a
starting
point
more
by
larger,
established
businesses
or
early-stage
companies
with
less
data:
1."
180,"Broader
market
size
2."
181,"Industry
trends
3."
182,"Market
share
goals4."
183,"Company-specific
revenue
&
goals
##
Bottom-Up
Forecasting
Detailed
customer
level,
product
and
market
level
forecast,
time
and
labor
intensive
involving
various
departments:
1."
184,"Likely
new
customers
who
might
sign
in
or
new
geographies
that
might
open
2."
185,"Likely
expansion
of
product
offerings
to
existing
customers
3."
186,"Product
level
and
business
unit
level
aggregation
to
arrive
at
the
business
forecast
**[STARTER]:**
This
section
explores
key
techniques
for
financial
forecasting,
focusing
on
identifying
revenue
sources,
using
historical
data,
and
employing
various
forecasting
approaches."
187,"-
**Identify
the
sources
of
revenue
or
cost
specific
to
your
program."
188,"**
For
instance,
for
revenue,
consider
software
sales,
subscription
fees,
consulting
services,
or
licensing."
189,"-
**Use
historical
data
or
industry
benchmarks
to
predict
future
growth:**
-
**First-Principles
Approach:**
Model
revenues
with
high
detail
and
precision
using
industry
benchmarks."
190,"For
example,
forecast
expansion
rates,
income
per
square
meter
(for
retail),
or
market
size
(for
telecommunications)
using
regression
analysis."
191,"-
**Quick
and
Dirty
Approach:**
Predict
growth
based
on
historical
figures
and
trends."
192,"Simple
but
less
accurate."
193,"-
**SG&A
costs**
are
often
expressed
as
a
percentage
of
revenues."
194,"While
they
may
be
fixed
in
the
short
term,
they
become
more
variable
over
longer
periods."
195,"-
**Cash
flow
financial
forecasting**
is
generally
more
accurate
over
a
short
term."
196,"#
Scenario
Analysis
and
Sensitivity
Analysis
##
Financial
Scenarios
-
**Best
Case,
Base
Case,
and
Worst
Case:**
Consider
various
scenarios
such
as
best
case,
base
case,
and
worst
case."
197,"Projections
can
depend
on
factors
like
political
situations
and
technological
developments."
198,"-
What
are
the
different
possible
outcomes?"
199,"-
How
would
key
input
variables
change
for
different
outcomes?"
200,"##
Sensitivity
Analysis
-
**Controlling
Input
Variables:**
Controlling
input
variables
and
testing
various
combinations
help
in
optimizing
resources
and
reaching
goals.-
Identify
key
variables."
201,"-
Assess
the
impact
on
key
variables
due
to
different
scenarios."
202,"#
Excel
for
Financial
Forecasting
##
Formatting
1."
203,"Use
consistent
formatting
for
numbers,
dates,
and
text."
204,2.
205,"Use
cell
formatting
(e.g.,
background
colors)
to
distinguish
between
input
cells
and
calculated
cells."
206,3.
207,"Format
financial
data
properly
using
currency
and
percentage
formats."
208,"##
Build
in
Flexibility
-
Create
a
key
assumption
sheet,
where
all
assumptions
are
linked
across
various
tabs."
209,"-
Keep
processing
and
output
sections
separate
from
the
input
sheet."
210,"-
Use
data
tables
or
scenario
manager
to
analyze
different
scenarios
(e.g.,
best,
worst
case)."
211,"##
Documentation
-
Include
a
column
to
list
the
sources
of
data
and
document
why
a
number
was
chosen."
212,"-
Maintain
version
history
by
including
the
date
in
the
file
name."
213,"#
Excel
Formulas
&
Functions
for
Financial
Forecasting
##
Preparing
Data
for
Use
in
Excel
-
Arrange
data
in
tables,
use
“clean”
and
“trim”
functions
to
clean
data."
214,"-
Use
relative
&
absolute
cell
references
(A1
vs.
$A$1)
to
ensure
formulas
update
correctly
when
copied."
215,"-
Use
the
“iferror”
function
to
convert
characters
into
numbers."
216,"##
Basic
Functions
and
Formulas
-
**Basic
Functions:**
`SUM`,
`AVERAGE`,
`MIN`,
`MAX`."
217,"-
**Logical
Functions:**
`IF`,
`AND`,
`OR`
to
build
conditional
logic
into
your
models."
218,"-
**Financial
Functions:**
`NPV`,
`IRR`,
`PMT`
for
more
complex
financial
calculations."
219,"##
Data
Analysis
Functions
-
**Lookup
and
Reference:**
`VLOOKUP`,
`HLOOKUP`,
`INDEX`,
`MATCH`."
220,"-
**Date
and
Time
Functions:**
`EDATE`,
`EOMONTH`,
`YEAR`,
`MONTH`,
`DATE`."
221,"-
**Growth
Functions:**
`FORECAST.LINEAR`,
`TREND`,
`GROWTH`."
222,"**Next
Steps:**
Continue
to
the
next
section
to
learn
about
Assessment
for
Financial
forecasting
techniques
[Next
Section:
Assessment
forFinancial
forecasting
techniques](#
assessment_for_Financial_forecasting_techniques)
```json
{
""buttons"":
[
{
""text"":
""Next:
Assessment
for
Financial
forecasting
techniques"",
""value"":
""assessment_for_Financial_forecasting_techniques""
}
]
}
#
Financial
Forecasting
Techniques
**[STARTER]:**
This
section
focuses
on
financial
forecasting
techniques,
including
scenario
and
sensitivity
analysis,
as
well
as
practical
Excel
tips."
223,"Test
your
understanding
with
the
following
assignments."
224,"##
Assignments
###
Assignment
1
In
financial
forecasting,
'scenario
planning'
involves:
A)
Using
historical
data
to
predict
future
outcomes
B)
Developing
different
future
scenarios
based
on
various
assumptions
C)
Applying
statistical
methods
to
forecast
D)
Using
expert
judgment
to
predict
outcomes
**Correct
Answer:**
B
###
Assignment
2
In
time
series
analysis,
what
does
'seasonality'
refer
to?"
225,"A)
Long-term
trends
in
data
B)
Random
fluctuations
in
data
C)
Periodic
fluctuations
due
to
specific
time
periods
D)
The
overall
growth
trend
in
data
**Correct
Answer:**
C
###
Assignment
3
In
financial
forecasting,
what
does
'moving
average'
help
to
achieve?"
226,"A)
Smoothing
out
short-term
fluctuationsB)
Identifying
long-term
trends
C)
Accounting
for
seasonal
variations
D)
Predicting
qualitative
outcomes
**Correct
Answer:**
A
###
Assignment
4
A
primary
advantage
of
the
bottom-up
approach
is:
A)
It
ensures
that
project
estimates
align
with
organizational
goals."
227,"B)
It
leverages
detailed
input
from
team
members
for
more
accurate
planning."
228,"C)
It
is
faster
and
requires
less
initial
effort
than
other
approaches."
229,"D)
It
reduces
the
need
for
senior
management
involvement."
230,"**Correct
Answer:**
B
###
Assignment
5
Which
of
the
following
best
describes
the
top-down
approach
in
project
management?"
231,"A)
Detailed
estimates
are
made
for
each
task
and
then
aggregated."
232,"B)
High-level
project
objectives
are
defined
first,
and
then
these
are
broken
down
into
tasks."
233,"C)
Team
members
suggest
tasks,
and
managers
aggregate
them
into
project
objectives."
234,"D)
Project
tasks
are
defined
first,
followed
by
the
high-level
objectives."
235,"**Correct
Answer:**
B
#
Recommended
Books
**[STARTER]:**
1st
Book
**Title:**
[Financial
Planning
&
Analysis
and
Performance
Management](https://www.amazon.in/Financial-Planning-Analysis-Performance-Management/d
p/1119491487)
**Author:**
Jack
Alexander
**Description:**
This
book
provides
a
comprehensive
overview
of
financial
planning
and
analysis
(FP&A)
and
performance
management."
236,"It
offers
practical
insights
into
managing
financial
performance,
forecasting,
and
strategic
planning,
tailored
for
finance
professionals
and
managers."
237,"**[Review
This
Book](#review_financial_planning_analysis_performance_management)**
**[STARTER]:**
2nd
Book**Title:**
[Budgeting
Basics
and
Beyond](https://www.amazon.in/Budgeting-Basics-Beyond-Jae-Shim/dp/0471725021)
**Author:**
Jae
K.
Shim
and
Joel
G.
Siegel
**Description:**
This
book
covers
the
fundamentals
of
budgeting
and
offers
advanced
techniques
for
effective
budgeting."
238,"It
is
ideal
for
finance
professionals
and
managers
looking
to
enhance
their
understanding
of
budgeting
processes
and
best
practices."
239,"**[Review
This
Book](#review_budgeting_basics_beyond)**"
