Chunk Number,Chunk Text
1,Goods Receipt Note (GRN).
2,"GRN is an important document in… | by Devaraj Mahantesh | Medium
By Devaraj Mahantesh
GRN is an important document in eCommerce."
3,"The document is used to record the receipt of
goods from a supplier."
4,"It’s essential for businesses that deal with suppliers to have a
system in place for issuing GRNs."
5,"In this blog post, we’ll discuss the importance of GRNs
and explain how they work."
6,We’ll also provide tips for creating and issuing GRNs.
7,"Stay
tuned!"
8,What is a Goods Receipt Note (GRN)?
9,"A Goods Receipt Note is an important document
that records the receipt of goods in a business transaction."
10,"It provides a record of when
items have been received, which allows businesses to track their inventory and ensure they
are being shipped on time."
11,"The GRN also includes information about the quality, quantity,
and condition of the products that were received."
12,"This helps companies to ensure accuracy
in their invoicing and billing processes, as well as provide evidence for proof of
delivery."
13,"In addition, it serves as an audit trail that can be used to support any
disputes should they arise."
14,"The GRN is also a valuable tool for tracking the performance
of suppliers and vendors, providing insight into their performance and reliability."
15,"How
does a Goods Receipt Note (GRN) work?"
16,"A Goods Receipt Note is a document used to confirm
that goods have been received by the customer and are satisfactory."
17,"It is typically issued
by the supplier or manufacturer and serves as proof of delivery for the customer."
18,"The GRN
contains details about the goods that were delivered, such as quantity, quality, price,
date, and any other relevant information. The GRN is an important document in the
purchasing process as it acts as a record of proof that goods have been received and
accepted by the customer."
19,"It also helps to ensure that all parties involved are satisfied
with the goods delivered, and can be used for tracking payment or invoicing."
20,"The GRN is
usually accompanied by an invoice, which should be issued prior to the GRN being accepted."
21,"The customer must sign and date the GRN in order to acknowledge receipt of the goods, and
this signed copy then needs to be sent back to the supplier."
22,"What are the benefits of
using a GRN in eCommerce transactions?"
23,"AGoods Receipt Note (GRN)is a critical document
used in eCommerce transactions to ensure goods are delivered in the expected condition and
quantity."
24,"It serves as an acknowledgment of receipt for purchased items, allowing buyers
to verify that their orders have been received by the seller."
25,"Here are some of the key
benefits of using GRN in eCommerce transactions:- 1."
26,"Streamline Delivery Processes By
providing an accurate record of goods received and their condition, GRN can help
streamlinedelivery processesby allowing buyers to quickly identify any discrepancies
between what was ordered and what has been delivered."
27,"This helps reduce delays caused by
incorrect orders and ensures efficient delivery of goods."
28,2.
29,"Improved Quality Assurance
GRN also helps to ensure that the quality standards of products being delivered are met,
by allowing buyers to inspect received items and compare them against what was ordered."
30,"This can help reduce the chances of receiving faulty or damaged goods and lead to improved
customer satisfaction ineCommercetransactions."
31,3.
32,"Greater Accountability GRN helps to
provide an audit trail of goods received, allowing buyers and sellers to track any
disputes or discrepancies in the delivery process."
33,"This can help to ensure that all
parties involved are held accountable for their actions and that customers have a clear
record of what was ordered and delivered."
34,4.
35,"Increased Efficiency GRNs can also help to
reduce paperwork by eliminating the need for orders to be manually noted and organized."
36,"This makes it easier for buyers and sellers to quickly reference their past orders,
improving the efficiency of eCommerce transactions."
37,5.
38,"Enhanced Security Last but not
least, GRN provides an additional layer of security to eCommerce transactions. By
verifying the identity of who is making the purchase and confirming that goods have been
received in good condition, GRN can help to reduce fraud and ensure that customers’ orders
are fulfilled safely and securely."
39,"What are the consequences of losing a Goods Receipt
Note (GRN) ? The loss of a Goods Receipt Note can have serious consequences for
businesses, as it may lead to delays in receiving goods and cause financial losses."
40,"The
GRN is an important document that serves as proof of the receipt of goods from vendors or
suppliers."
41,"Without this documentation, companies are unable to confirm whether they have
received all the goods requested, leaving them in a vulnerable position."
42,"In addition to
delays, the loss of a GRN can lead to financial losses."
43,"As the document is used to
validate payments for received goods and services, companies may find themselves paying
for items they have not actually received."
44,"Furthermore, if their suppliers cannot provide
proof of receipt with an accompanying GRN, the company may not be able to reclaim these
charges."
45,"Conclusion A Goods Receipt Note is a document that proves that goods have been
received."
46,"It is used to track deliveries and ensure that the correct products have been
delivered in the right quantities."
47,"A GRN can also be used to check whether products are
damaged or not."
48,"When you receive a delivery, make sure to ask for a GRN so that you can
keep track of your inventory."
